Rank,Player,Pos,Team,ROS Score,Dynatyze ID,Player URL,Source Updated
1,Nikola Jokić,C,DEN,10.59,3,https://dynatyze.com/basketball/players/3,2026-09-25
2,Shai Gilgeous-Alexander,PG/G,OKC,9.81,2,https://dynatyze.com/basketball/players/2,2026-09-25
3,Victor Wembanyama,C,SAS,9.44,1,https://dynatyze.com/basketball/players/1,2026-09-25
4,Tyrese Maxey,PG/SG/G,PHI,5.51,8,https://dynatyze.com/basketball/players/8,2026-09-25
5,Luka Dončić,PG/SG/G,LAL,5.48,4,https://dynatyze.com/basketball/players/4,2026-09-25
6,Kawhi Leonard,SG/G/SF/PF/F,TOR,5.35,125,https://dynatyze.com/basketball/players/125,2026-09-25
7,Kevin Durant,SG/G/SF/PF/F,HOU,4.62,153,https://dynatyze.com/basketball/players/153,2026-09-25
8,Jamal Murray,PG/G,DEN,4.35,14,https://dynatyze.com/basketball/players/14,2026-09-25
9,Anthony Edwards,PG/SG/G/SF/F,MIN,4.18,9,https://dynatyze.com/basketball/players/9,2026-09-25
10,Donovan Mitchell,PG/SG/G,CLE,3.81,28,https://dynatyze.com/basketball/players/28,2026-09-25
11,James Harden,PG/SG/G,CLE,3.69,154,https://dynatyze.com/basketball/players/154,2026-09-25
12,Cade Cunningham,PG/SG/G,DET,3.46,12,https://dynatyze.com/basketball/players/12,2026-09-25
13,Karl-Anthony Towns,PF/F/C,NYK,3.42,6,https://dynatyze.com/basketball/players/6,2026-09-25
14,Tyrese Haliburton,PG/SG/G,IND,3.21,5,https://dynatyze.com/basketball/players/5,2026-09-25
15,Trey Murphy III,SG/G/SF/F,NOP,3.06,17,https://dynatyze.com/basketball/players/17,2026-09-25
16,Scottie Barnes,SG/G/SF/PF/F/C,TOR,3,33,https://dynatyze.com/basketball/players/33,2026-09-25
17,Jayson Tatum,SF/PF/F,BOS,2.99,7,https://dynatyze.com/basketball/players/7,2026-09-25
18,Jalen Johnson,SF/PF/F,ATL,2.86,10,https://dynatyze.com/basketball/players/10,2026-09-25
19,Bam Adebayo,PF/F/C,MIA,2.85,39,https://dynatyze.com/basketball/players/39,2026-09-25
20,Derrick White,PG/SG/G,BOS,2.76,40,https://dynatyze.com/basketball/players/40,2026-09-25
21,Dyson Daniels,PG/SG/G/SF/F,ATL,2.72,11,https://dynatyze.com/basketball/players/11,2026-09-25
22,Amen Thompson,PG/SG/G/SF/PF/F,HOU,2.66,35,https://dynatyze.com/basketball/players/35,2026-09-25
23,Devin Booker,PG/SG/G,PHX,2.5,34,https://dynatyze.com/basketball/players/34,2026-09-25
24,Chet Holmgren,PF/F/C,OKC,2.45,20,https://dynatyze.com/basketball/players/20,2026-09-25
25,Stephen Curry,PG/G,GSW,2.44,146,https://dynatyze.com/basketball/players/146,2026-09-25
26,Austin Reaves,PG/SG/G/SF/F,LAL,2.26,37,https://dynatyze.com/basketball/players/37,2026-09-25
27,Cooper Flagg,PG/SG/G/SF/PF/F,DAL,2.22,593,https://dynatyze.com/basketball/players/593,2026-09-25
28,OG Anunoby,SF/PF/F,NYK,2.18,29,https://dynatyze.com/basketball/players/29,2026-09-25
29,Michael Porter Jr.,SF/PF/F,BKN,2.12,64,https://dynatyze.com/basketball/players/64,2026-09-25
30,Desmond Bane,PG/SG/G/SF/F,ORL,2.06,23,https://dynatyze.com/basketball/players/23,2026-09-25
31,Anthony Davis,PF/F/C,WAS,2.03,31,https://dynatyze.com/basketball/players/31,2026-09-25
32,Jalen Brunson,PG/G,NYK,1.91,49,https://dynatyze.com/basketball/players/49,2026-09-25
33,Jaren Jackson Jr.,PF/F/C,UTA,1.82,22,https://dynatyze.com/basketball/players/22,2026-09-25
34,Evan Mobley,PF/F/C,CLE,1.75,13,https://dynatyze.com/basketball/players/13,2026-09-25
35,Joel Embiid,C,PHI,1.69,72,https://dynatyze.com/basketball/players/72,2026-09-25
36,Onyeka Okongwu,C,ATL,1.68,54,https://dynatyze.com/basketball/players/54,2026-09-25
37,VJ Edgecombe,PG/SG/G,PHI,1.64,590,https://dynatyze.com/basketball/players/590,2026-09-25
38,Jalen Duren,C,DET,1.63,55,https://dynatyze.com/basketball/players/55,2026-09-25
39,Alperen Sengun,PF/F/C,HOU,1.59,57,https://dynatyze.com/basketball/players/57,2026-09-25
40,Lauri Markkanen,SF/PF/F,UTA,1.56,71,https://dynatyze.com/basketball/players/71,2026-09-25
41,LaMelo Ball,PG/G,MIN,1.36,24,https://dynatyze.com/basketball/players/24,2026-09-25
42,Nikola Vučević,C,ORL,1.29,119,https://dynatyze.com/basketball/players/119,2026-09-25
43,Jalen Williams,SG/G/SF/PF/F/C,OKC,1.23,18,https://dynatyze.com/basketball/players/18,2026-09-25
44,Josh Giddey,PG/SG/G/SF/F,CHI,1.23,43,https://dynatyze.com/basketball/players/43,2026-09-25
45,Mikal Bridges,SG/G/SF/PF/F,NYK,1.16,81,https://dynatyze.com/basketball/players/81,2026-09-25
46,De'Aaron Fox,PG/G,SAS,1.14,32,https://dynatyze.com/basketball/players/32,2026-09-25
47,LeBron James,PG/SF/PF/F,PHI,1.13,157,https://dynatyze.com/basketball/players/157,2026-09-25
48,Domantas Sabonis,PF/F/C,SAC,1.11,16,https://dynatyze.com/basketball/players/16,2026-09-25
49,Jarrett Allen,C,CLE,1.04,48,https://dynatyze.com/basketball/players/48,2026-09-25
50,Kyrie Irving,PG/SG/G,DAL,1.02,82,https://dynatyze.com/basketball/players/82,2026-09-25
51,Damian Lillard,PG/G,POR,1,103,https://dynatyze.com/basketball/players/103,2026-09-25
52,Jimmy Butler III,SG/G/SF/PF/F,GSW,0.97,166,https://dynatyze.com/basketball/players/166,2026-09-25
53,Kon Knueppel,SG/G/SF/F,CHA,0.91,611,https://dynatyze.com/basketball/players/611,2026-09-25
54,Paul George,SG/SF/PF/F,BOS,0.9,177,https://dynatyze.com/basketball/players/177,2026-09-25
55,Donovan Clingan,C,POR,0.88,145,https://dynatyze.com/basketball/players/145,2026-09-25
56,Nickeil Alexander-Walker,PG/SG/G,ATL,0.84,254,https://dynatyze.com/basketball/players/254,2026-09-25
57,Jaylen Brown,SG/G/SF/PF/F,PHI,0.83,76,https://dynatyze.com/basketball/players/76,2026-09-25
58,Myles Turner,C,MIL,0.83,30,https://dynatyze.com/basketball/players/30,2026-09-25
59,DeMar DeRozan,SG/SF/PF/F,DEN,0.76,180,https://dynatyze.com/basketball/players/180,2026-09-25
60,Franz Wagner,SF/PF/F,ORL,0.75,19,https://dynatyze.com/basketball/players/19,2026-09-25
61,Brandon Miller,SG/G/SF/PF/F,CHA,0.74,41,https://dynatyze.com/basketball/players/41,2026-09-25
62,Trae Young,PG/G,WAS,0.72,38,https://dynatyze.com/basketball/players/38,2026-09-25
63,Tyler Herro,PG/SG/G,MIL,0.61,26,https://dynatyze.com/basketball/players/26,2026-09-25
64,Jaden McDaniels,SF/PF/F,MIN,0.56,70,https://dynatyze.com/basketball/players/70,2026-09-25
65,Kel'el Ware,PF/C,MIL,0.5,114,https://dynatyze.com/basketball/players/114,2026-09-25
66,Kristaps Porziņģis,PF/F/C,GSW,0.48,15,https://dynatyze.com/basketball/players/15,2026-09-25
67,Ivica Zubac,C,IND,0.46,36,https://dynatyze.com/basketball/players/36,2026-09-25
68,Rudy Gobert,C,MIN,0.43,102,https://dynatyze.com/basketball/players/102,2026-09-25
69,Josh Hart,SG/G/SF/F,NYK,0.4,45,https://dynatyze.com/basketball/players/45,2026-09-25
70,Payton Pritchard,PG/G,BOS,0.38,63,https://dynatyze.com/basketball/players/63,2026-09-25
71,Walker Kessler,C,LAL,0.36,21,https://dynatyze.com/basketball/players/21,2026-09-25
72,Jalen Suggs,PG/SG/G,ORL,0.3,61,https://dynatyze.com/basketball/players/61,2026-09-25
73,Darius Garland,PG/G,LAC,0.3,46,https://dynatyze.com/basketball/players/46,2026-09-25
74,Immanuel Quickley,PG/SG/G,TOR,0.29,90,https://dynatyze.com/basketball/players/90,2026-09-25
75,Deni Avdija,SG/G/SF/PF/F,POR,0.17,87,https://dynatyze.com/basketball/players/87,2026-09-25
76,Keegan Murray,SF/PF/F,SAC,0.15,74,https://dynatyze.com/basketball/players/74,2026-09-25
77,Brandon Ingram,SG/G/SF/PF/F,LAC,0.14,65,https://dynatyze.com/basketball/players/65,2026-09-25
78,Dejounte Murray,PG/SG/G,NOP,0.11,47,https://dynatyze.com/basketball/players/47,2026-09-25
79,Donte DiVincenzo,PG/SG/G/SF/F,MIN,0.09,99,https://dynatyze.com/basketball/players/99,2026-09-25
80,Cason Wallace,PG/SG/G/SF/F,OKC,0.06,88,https://dynatyze.com/basketball/players/88,2026-09-25
81,Jabari Smith Jr.,PF/F/C,HOU,0.05,129,https://dynatyze.com/basketball/players/129,2026-09-25
82,Fred VanVleet,PG/G/F,HOU,0.04,84,https://dynatyze.com/basketball/players/84,2026-09-25
83,Toumani Camara,SG/SF/PF/F,POR,0.04,91,https://dynatyze.com/basketball/players/91,2026-09-25
84,Giannis Antetokounmpo,PF/F/C,MIA,-0.07,25,https://dynatyze.com/basketball/players/25,2026-09-25
85,Andrew Wiggins,SG/G/SF/PF/F,MIA,-0.08,95,https://dynatyze.com/basketball/players/95,2026-09-25
86,Miles Bridges,SF/PF/F,PHX,-0.1,51,https://dynatyze.com/basketball/players/51,2026-09-25
87,Saddiq Bey,SF/PF/F,NOP,-0.12,576,https://dynatyze.com/basketball/players/576,2026-09-25
88,Tobias Harris,SF/PF/F,SAS,-0.14,108,https://dynatyze.com/basketball/players/108,2026-09-25
89,Mark Williams,C,PHX,-0.16,27,https://dynatyze.com/basketball/players/27,2026-09-25
90,Devin Vassell,SG/G/SF/F,SAS,-0.18,69,https://dynatyze.com/basketball/players/69,2026-09-25
91,Norman Powell,SG/G/SF/F,CHI,-0.21,101,https://dynatyze.com/basketball/players/101,2026-09-25
92,Naz Reid,PF/F/C,CHA,-0.23,85,https://dynatyze.com/basketball/players/85,2026-09-25
93,Ryan Rollins,PG/SG/G,MIL,-0.25,332,https://dynatyze.com/basketball/players/332,2026-09-25
94,Pascal Siakam,PF/F/C,IND,-0.26,83,https://dynatyze.com/basketball/players/83,2026-09-25
95,Keyonte George,PG/SG/G,UTA,-0.3,148,https://dynatyze.com/basketball/players/148,2026-09-25
96,Matas Buzelis,SF/PF/F,CHI,-0.36,260,https://dynatyze.com/basketball/players/260,2026-09-25
97,Grayson Allen,PG/SG/G/SF/F,CHA,-0.38,176,https://dynatyze.com/basketball/players/176,2026-09-25
98,Isaiah Hartenstein,C,OKC,-0.42,59,https://dynatyze.com/basketball/players/59,2026-09-25
99,Jrue Holiday,PG/SG/G,POR,-0.5,194,https://dynatyze.com/basketball/players/194,2026-09-25
100,Reed Sheppard,PG/SG/G,HOU,-0.51,425,https://dynatyze.com/basketball/players/425,2026-09-25
101,Alex Sarr,C,WAS,-0.52,112,https://dynatyze.com/basketball/players/112,2026-09-25
102,Ausar Thompson,SG/G/SF/PF/F,DET,-0.55,113,https://dynatyze.com/basketball/players/113,2026-09-25
103,Brook Lopez,C,LAC,-0.57,172,https://dynatyze.com/basketball/players/172,2026-09-25
104,John Collins,PF/F/C,DET,-0.58,42,https://dynatyze.com/basketball/players/42,2026-09-25
105,CJ McCollum,PG/SG/G,ATL,-0.59,137,https://dynatyze.com/basketball/players/137,2026-09-25
106,Jakob Poeltl,C,TOR,-0.59,44,https://dynatyze.com/basketball/players/44,2026-09-25
107,Kelly Oubre Jr.,SG/G/SF/PF/F,IND,-0.6,86,https://dynatyze.com/basketball/players/86,2026-09-25
108,Deandre Ayton,C,WAS,-0.62,80,https://dynatyze.com/basketball/players/80,2026-09-25
109,Zach LaVine,PG/SG/G/SF/F,SAC,-0.63,67,https://dynatyze.com/basketball/players/67,2026-09-25
110,Cameron Johnson,SG/SF/PF/F,DEN,-0.71,50,https://dynatyze.com/basketball/players/50,2026-09-25
111,Julius Randle,PF/F,BKN,-0.73,104,https://dynatyze.com/basketball/players/104,2026-09-25
112,Daniel Gafford,C,DAL,-0.8,66,https://dynatyze.com/basketball/players/66,2026-09-25
113,Ayo Dosunmu,PG/SG/G,MIN,-0.8,124,https://dynatyze.com/basketball/players/124,2026-09-25
114,Herbert Jones,SG/G/SF/PF/F,NOP,-0.82,94,https://dynatyze.com/basketball/players/94,2026-09-25
115,Tre Jones,PG/SG/G/SF,CHI,-0.84,215,https://dynatyze.com/basketball/players/215,2026-09-25
116,Christian Braun,SG/G/SF/PF/F,DEN,-0.89,53,https://dynatyze.com/basketball/players/53,2026-09-25
117,Bez Mbeng,PG/SG/G,MIA,-0.91,4025,https://dynatyze.com/basketball/players/4025,2026-09-25
118,Brandin Podziemski,PG/SG/G,GSW,-0.92,109,https://dynatyze.com/basketball/players/109,2026-09-25
119,Tari Eason,SG/G/SF/PF/F,HOU,-0.96,56,https://dynatyze.com/basketball/players/56,2026-09-25
120,Kevin Porter Jr.,PG/SG/G,MIL,-0.98,273,https://dynatyze.com/basketball/players/273,2026-09-25
121,P.J. Washington,SF/PF/F/C,DAL,-0.99,79,https://dynatyze.com/basketball/players/79,2026-09-25
122,Coby White,PG/SG/G,CHA,-0.99,58,https://dynatyze.com/basketball/players/58,2026-09-25
123,Zion Williamson,SF/PF/F/C,NOP,-1.07,60,https://dynatyze.com/basketball/players/60,2026-09-25
124,Ty Jerome,PG/SG/G,MEM,-1.08,115,https://dynatyze.com/basketball/players/115,2026-09-25
125,Collin Gillespie,PG/SG/G,PHX,-1.1,306,https://dynatyze.com/basketball/players/306,2026-09-25
126,Andrew Nembhard,PG/SG/G,IND,-1.12,168,https://dynatyze.com/basketball/players/168,2026-09-25
127,Paolo Banchero,SF/PF/F,ORL,-1.14,68,https://dynatyze.com/basketball/players/68,2026-09-25
128,Bradley Beal,SG/G/SF/F,LAC,-1.14,118,https://dynatyze.com/basketball/players/118,2026-09-25
129,Zach Edey,C,MEM,-1.15,106,https://dynatyze.com/basketball/players/106,2026-09-25
130,Nic Claxton,PF/C,CHI,-1.24,122,https://dynatyze.com/basketball/players/122,2026-09-25
131,Ja Morant,PG/G,POR,-1.24,73,https://dynatyze.com/basketball/players/73,2026-09-25
132,Santi Aldama,SF/PF/F/C,DAL,-1.25,105,https://dynatyze.com/basketball/players/105,2026-09-25
133,Al Horford,PF/F/C,GSW,-1.33,196,https://dynatyze.com/basketball/players/196,2026-09-25
134,Aaron Gordon,PF/F/C,DEN,-1.34,116,https://dynatyze.com/basketball/players/116,2026-09-25
135,Dereck Lively II,C,DAL,-1.35,62,https://dynatyze.com/basketball/players/62,2026-09-25
136,Kadary Richmond,SG/G/PF,CLE,-1.37,3993,https://dynatyze.com/basketball/players/3993,2026-09-25
137,Derik Queen,PF/F/C,NOP,-1.37,631,https://dynatyze.com/basketball/players/631,2026-09-25
138,Neemias Queta,C,BOS,-1.38,320,https://dynatyze.com/basketball/players/320,2026-09-25
139,Kyshawn George,SG/G/SF/PF/F,WAS,-1.4,209,https://dynatyze.com/basketball/players/209,2026-09-25
140,Ace Bailey,SF/PF/F,UTA,-1.43,572,https://dynatyze.com/basketball/players/572,2026-09-25
141,Cormac Ryan,PG/SG/G,MIL,-1.46,4003,https://dynatyze.com/basketball/players/4003,2026-09-25
142,Aaron Nesmith,SG/G/SF/F,IND,-1.48,96,https://dynatyze.com/basketball/players/96,2026-09-25
143,Jerami Grant,SF/PF/F,MEM,-1.49,123,https://dynatyze.com/basketball/players/123,2026-09-25
144,Ajay Mitchell,PG/SG/G,OKC,-1.5,372,https://dynatyze.com/basketball/players/372,2026-09-25
145,Robert Williams III,C,POR,-1.51,78,https://dynatyze.com/basketball/players/78,2026-09-25
146,Bobby Portis,PF/F/C,MIA,-1.51,97,https://dynatyze.com/basketball/players/97,2026-09-25
147,Julian Reese,SF/PF/F/C,NOP,-1.52,4005,https://dynatyze.com/basketball/players/4005,2026-09-25
148,Jordan Poole,PG/SG/G,NOP,-1.52,52,https://dynatyze.com/basketball/players/52,2026-09-25
149,Lucas Williamson,SG/SF,,-1.53,4041,https://dynatyze.com/basketball/players/4041,2026-09-25
150,Julian Champagnie,SG/SF/PF/F,SAS,-1.54,163,https://dynatyze.com/basketball/players/163,2026-09-25