player_id,player,position,auction_price,trend
3112335,Nikola Jokic,C,77.9,-1.4
5104157,Victor Wembanyama,C,76.9,-0.7
4278073,Shai Gilgeous-Alexander,PG,68.8,-0.5
3945274,Luka Doncic,PG,67.3,-0.7
3032977,Giannis Antetokounmpo,PF/C,58.5,-0.9
4594268,Anthony Edwards,SG/SF,57.5,-0.1
4432166,Cade Cunningham,PG,54,-0.2
4701230,Jalen Johnson,PF,52.6,0
4065648,Jayson Tatum,SF/PF,51.6,0
3908809,Donovan Mitchell,PG/SG,47.5,0.8
4431678,Tyrese Maxey,PG/SG,46.9,0.2
4433134,Scottie Barnes,SG/SF,42.5,0.3
3934672,Jalen Brunson,PG,42.3,0.8
3155942,Domantas Sabonis,PF/C,39.6,-0.8
5041939,Cooper Flagg,SF/PF,38.9,0.7
4684740,Amen Thompson,SG/SF,37.6,-0.1
4396993,Tyrese Haliburton,PG/SG,35.7,0.6
4871145,Josh Giddey,PG/SG,34.3,-0.8
4277905,Trae Young,PG,34,-1.1
3202,Kevin Durant,SF/PF,33.4,0.1
3136195,Karl-Anthony Towns,C,33.3,-0.6
3136193,Devin Booker,PG/SG,33.1,-0.4
4871144,Alperen Sengun,C,32.2,-0.6
3992,James Harden,PG/SG,28.2,-1
4432816,LaMelo Ball,PG,26.4,0.2
6450,Kawhi Leonard,SF/PF,25.9,1
3149673,Pascal Siakam,PF,25.2,-0.9
6583,Anthony Davis,PF/C,24.4,-0.9
4066261,Bam Adebayo,PF/C,24,-0.2
4433621,Jalen Duren,C,23.7,0.2
3936299,Jamal Murray,PG,23.7,0
3975,Stephen Curry,PG,23.1,0.4
4432158,Evan Mobley,PF/C,19.8,-0.3
4683021,Deni Avdija,SF/PF,19.6,0.2
3917376,Jaylen Brown,SG/SF,19.6,-0.7
3078576,Derrick White,PG/SG,18.5,0.4
4593803,Jalen Williams,SF/PF,18.1,-0.5
4066457,Austin Reaves,PG/SG,16.8,0
1966,LeBron James,SF/PF,16.6,-1
5061575,Kon Knueppel,SG/SF,16.5,0.5
4432573,Paolo Banchero,SF/PF,15.2,-0.1
4396907,Darius Garland,PG,12.8,0.1
4066320,Desmond Bane,SG/SF,11.9,-0.4
3147657,Mikal Bridges,SG/SF,11.7,0.2
4066336,Lauri Markkanen,SF/PF,11.3,0.5
4066259,De'Aaron Fox,PG/SG,10.5,-0.5
4278104,Michael Porter Jr.,SF/PF,10.2,0.1
4278039,Nickeil Alexander-Walker,PG/SG,10.2,0.3
4869342,Dyson Daniels,PG/SG,9.6,0
4845367,Stephon Castle,PG/SG,9.2,0.2
4433255,Chet Holmgren,PF/C,8.9,0.2
6442,Kyrie Irving,PG,8.8,0
3064514,Julius Randle,PF,8.3,-0.1
4396971,Naz Reid,PF/C,8,0.1
4395628,Zion Williamson,PF/C,7.4,-0.5
3907497,Dejounte Murray,PG/SG,7,0.2
3059318,Joel Embiid,C,7,0.1
4397688,Trey Murphy III,SG/SF,7,0.1
4395725,Tyler Herro,PG/SG,6.9,-0.1
4066328,Jarrett Allen,C,6.7,-0.3
4566434,Franz Wagner,SF/PF,6.6,-0.4
4433136,Walker Kessler,C,6.4,-0.1
4433287,Brandon Miller,SG/SF,6,0.2
3913176,Brandon Ingram,SF/PF,5.9,0
4433627,Keyonte George,PG/SG,5.6,0.2
5105565,Donovan Clingan,C,5.3,0
5041935,Cameron Boozer,PF,5,0
6606,Damian Lillard,PG,5,0
4431680,Onyeka Okongwu,C,5,0
5142718,AJ Dybantsa,SF,4.8,0.1
3032976,Rudy Gobert,C,4.4,0
5095151,Caleb Wilson,SF,4.1,0.1
2595516,Norman Powell,SG/SF,4.1,0
4277961,Jaren Jackson Jr.,PF/C,4,0.1
4017837,Ivica Zubac,C,3.7,-1.1
5037871,Dylan Harper,PG/SG,3.5,0.4
4279888,Ja Morant,PG,3.4,-0.4
4711294,Matas Buzelis,SF/PF,3.4,0.1
5160992,Alex Sarr,PF/C,3.2,0.1
3934719,OG Anunoby,SF/PF,3.2,0.3
5124612,VJ Edgecombe,SG,2.7,0.2
4065733,Ty Jerome,PG/SG,2.5,0
4395651,Coby White,PG/SG,2.4,-0.2
4066383,Miles Bridges,SF/PF,2.4,-0.1
4251,Paul George,SF/PF,2.4,0
2490149,CJ McCollum,PG/SG,2.3,0.1
4709138,Brandin Podziemski,PG/SG,2.2,0.1
4684742,Ausar Thompson,SF/PF,2.1,0.1
4066354,Payton Pritchard,PG/SG,2,0
3978,DeMar DeRozan,SF/PF,1.8,-0.5
4432241,Jamal Shead,PG,1.8,-0.2
3062679,Josh Hart,SG/SF,1.8,-0.3
5105623,Kel'el Ware,C,1.8,0.1
5041955,Darryn Peterson,PG/SG,1.7,0
4431671,Jaden McDaniels,SF/PF,1.7,0
4711272,Reed Sheppard,PG/SG,1.7,0
4869780,Derik Queen,PF/C,1.5,0
3102531,Kristaps Porzingis,PF/C,1.5,0
2991230,Fred VanVleet,PG/SG,1.4,0
4395724,Immanuel Quickley,PG/SG,1.3,0
4591725,Ryan Rollins,PG/SG,1.3,0
4437244,Jalen Green,SG/SF,1.2,-0.2
6478,Nikola Vucevic,C,1.2,-0.8
5142620,Darius Acuff Jr.,PG,1.1,0
4397140,Kevin Porter Jr.,PG/SG,1.1,-0.1
4278067,Nic Claxton,C,1.1,-0.1
4395625,RJ Barrett,SG/SF,1.1,0
4600663,Zach Edey,C,1.1,0
4397002,Ayo Dosunmu,PG/SG,1,0
3908845,John Collins,PF/C,1,0.1
